{"file:///c%3A/Users/darry/Dropbox/classes21/comp2404-w24/assignments-w24/a2/a2-complete/TestControl.h":{"language":"C++","code":31,"comment":3,"blank":18},"file:///c%3A/Users/darry/Dropbox/classes21/comp2404-w24/assignments-w24/a2/a2-complete/TestControl.cc":{"language":"C++","code":663,"comment":23,"blank":112},"file:///c%3A/Users/darry/Dropbox/classes21/comp2404-w24/assignments-w24/a2/a2-complete/defs.h":{"language":"C++","code":5,"comment":0,"blank":5},"file:///c%3A/Users/darry/Dropbox/classes21/comp2404-w24/assignments-w24/a2/a2-complete/Makefile":{"language":"Makefile","code":33,"comment":0,"blank":18},"file:///c%3A/Users/darry/Dropbox/classes21/comp2404-w24/assignments-w24/a2/a2-complete/Date.h":{"language":"C++","code":32,"comment":6,"blank":12},"file:///c%3A/Users/darry/Dropbox/classes21/comp2404-w24/assignments-w24/a2/a2-complete/Control.h":{"language":"C++","code":35,"comment":5,"blank":19},"file:///c%3A/Users/darry/Dropbox/classes21/comp2404-w24/assignments-w24/a2/a2-complete/Client.h":{"language":"C++","code":21,"comment":4,"blank":10},"file:///c%3A/Users/darry/Dropbox/classes21/comp2404-w24/assignments-w24/a2/a2-complete/Date.cc":{"language":"C++","code":81,"comment":7,"blank":23},"file:///c%3A/Users/darry/Dropbox/classes21/comp2404-w24/assignments-w24/a2/a2-complete/Control.cc":{"language":"C++","code":299,"comment":15,"blank":32},"file:///c%3A/Users/darry/Dropbox/classes21/comp2404-w24/assignments-w24/a2/a2-complete/RepoList.h":{"language":"C++","code":26,"comment":4,"blank":9},"file:///c%3A/Users/darry/Dropbox/classes21/comp2404-w24/assignments-w24/a2/a2-complete/RepoList.cc":{"language":"C++","code":70,"comment":12,"blank":15},"file:///c%3A/Users/darry/Dropbox/classes21/comp2404-w24/assignments-w24/a2/a2-complete/Repo.h":{"language":"C++","code":29,"comment":6,"blank":13},"file:///c%3A/Users/darry/Dropbox/classes21/comp2404-w24/assignments-w24/a2/a2-complete/View.h":{"language":"C++","code":13,"comment":0,"blank":5},"file:///c%3A/Users/darry/Dropbox/classes21/comp2404-w24/assignments-w24/a2/a2-complete/GetHub.h":{"language":"C++","code":26,"comment":5,"blank":14},"file:///c%3A/Users/darry/Dropbox/classes21/comp2404-w24/assignments-w24/a2/a2-complete/GetHub.cc":{"language":"C++","code":88,"comment":4,"blank":11},"file:///c%3A/Users/darry/Dropbox/classes21/comp2404-w24/assignments-w24/a2/a2-complete/File.h":{"language":"C++","code":23,"comment":3,"blank":13},"file:///c%3A/Users/darry/Dropbox/classes21/comp2404-w24/assignments-w24/a2/a2-complete/FileList.h":{"language":"C++","code":26,"comment":4,"blank":9},"file:///c%3A/Users/darry/Dropbox/classes21/comp2404-w24/assignments-w24/a2/a2-complete/Tester.h":{"language":"C++","code":34,"comment":3,"blank":10},"file:///c%3A/Users/darry/Dropbox/classes21/comp2404-w24/assignments-w24/a2/a2-complete/View.cc":{"language":"C++","code":31,"comment":0,"blank":7},"file:///c%3A/Users/darry/Dropbox/classes21/comp2404-w24/assignments-w24/a2/a2-complete/Client.cc":{"language":"C++","code":40,"comment":0,"blank":9},"file:///c%3A/Users/darry/Dropbox/classes21/comp2404-w24/assignments-w24/a2/a2-complete/Repo.cc":{"language":"C++","code":63,"comment":16,"blank":20},"file:///c%3A/Users/darry/Dropbox/classes21/comp2404-w24/assignments-w24/a2/a2-complete/class.py":{"language":"Python","code":36,"comment":8,"blank":28},"file:///c%3A/Users/darry/Dropbox/classes21/comp2404-w24/assignments-w24/a2/a2-complete/File.cc":{"language":"C++","code":16,"comment":0,"blank":6},"file:///c%3A/Users/darry/Dropbox/classes21/comp2404-w24/assignments-w24/a2/a2-complete/FileList.cc":{"language":"C++","code":77,"comment":3,"blank":15},"file:///c%3A/Users/darry/Dropbox/classes21/comp2404-w24/assignments-w24/a2/a2-complete/main.cc":{"language":"C++","code":10,"comment":0,"blank":7},"file:///c%3A/Users/darry/Dropbox/classes21/comp2404-w24/assignments-w24/a2/a2-complete/test.cc":{"language":"C++","code":10,"comment":0,"blank":7},"file:///c%3A/Users/darry/Dropbox/classes21/comp2404-w24/assignments-w24/a2/a2-complete/Tester.cc":{"language":"C++","code":150,"comment":3,"blank":18}}